NOM,AVERAGE INDEX
Rivière-des-Prairies–Pointe-aux-Trembles,7.947368421052632
Anjou,7.921052631578948
Montréal-Nord,9.56140350877193
Mont-Royal,8.894736842105264
Ville-Marie,6.168421052631579
Mercier–Hochelaga-Maisonneuve,5.684210526315789
Rivière-des-Prairies–Pointe-aux-Trembles,7.434210526315789
Saint-Laurent,9.666666666666666
Rosemont–La Petite-Patrie,7.263157894736843
Sainte-Anne-de-Bellevue,7.723684210526316
Le Sud-Ouest,12.456140350877194
